DATE,INTDSRUSM193N
2016-01-01,1
2016-02-01,1
2016-03-01,1
2016-04-01,1
2016-05-01,1
2016-06-01,1
2016-07-01,1
2016-08-01,1
2016-09-01,1
2016-10-01,1
2016-11-01,1
2016-12-01,1.25
2017-01-01,1.25
2017-02-01,1.25
2017-03-01,1.5
2017-04-01,1.5
2017-05-01,1.5
2017-06-01,1.75
2017-07-01,1.75
2017-08-01,1.75
2017-09-01,1.75
2017-10-01,1.75
2017-11-01,1.75
2017-12-01,2.0
2018-01-01,2.0
2018-02-01,2.0
2018-03-01,2.25
2018-04-01,2.25
2018-05-01,2.25
2018-06-01,2.5
2018-07-01,2.5
2018-08-01,2.5
2018-09-01,2.75
2018-10-01,2.75
2018-11-01,2.75
2018-12-01,3.0
2019-01-01,3.0
2019-02-01,3.0
2019-03-01,3.0
2019-04-01,3.0
2019-05-01,3.0
2019-06-01,3.0
2019-07-01,3.0
2019-08-01,2.75
2019-09-01,2.5
2019-10-01,2.25
2019-11-01,2.25
2019-12-01,2.25
2020-01-01,2.25
2020-02-01,2.25
2020-03-01,0.25
2020-04-01,0.25
2020-05-01,0.25
2020-06-01,0.25
2020-07-01,0.25
2020-08-01,0.25
2020-09-01,0.25
2020-10-01,0.25
2020-11-01,0.25
2020-12-01,0.25
2021-01-01,0.25
